director,response,upon,view,field,not,course,house,recent,safe,something,professor,offer,be,fish,room,girl,early,law,onto,property,themselves,year,after
TV,middle,pattern,his,day,Mr,major,thus,disease,interview,my,legal,fact,for
challenge,generation,writer,love,since,third,those,lay,effort,another
relationship,specific,management,back,state,democratic,energy,loss,democratic,answer,fail,administration,later,private,season,growth,sure,break,quite,father,agency,where,upon,say,language,notice,edge
remain,bit,nor,full,fund,door,bag,board,turn,peace,whose,big,sexual,as,despite,response,hang
box,worry,truth,only,new,amount,tax,sense,state,beautiful,environment,central,tend,kitchen,item,memory,current,sea,eight,early,single
four,hear,economic,win,apply,at,structure,enter,century,receive,begin,court,protect,owner,physical,choice,range,seat,deal,set,available,others,factor,walk,hang,pattern
goal,sing,pick,after,fund,method,our,most,help,reduce,series,age,attack,really,attorney,decision,claim,billion,standard,military,office,beyond,similar,expert,become,woman,themselves,reach,although
cultural,democratic,make,model,defense,artist,control,election,identify,smile,through,list,six,remember,yet,society,only,writer,play,true,remain,recently,fire
push,die,he,blue,parent,Congress,agent,record,big,fund,up,owner,statement,us,night,region,improve,herself,death,set,president,enter,although,mean
cost,worker,beyond,serious,heart,movement,wish,beyond,morning,identify,quite,cut,patient,social,trade,water,individual,call
different,into,manager,concern,run,scene,state,heart,establish,owner,art,material,fail,common,suddenly,above,ask,large,whose,least,pick,south
practice,tell,game,adult,certain,rather,analysis,reason,report,effect,their,together,close,play,night,low,age,community,beautiful,cut,same,art,artist,south,inside,power
everyone,lead,share,outside,career,might,check,center,anyone,travel,could,political,quality,floor,order,produce,left,contain
box,road,defense,participant,never,notice,travel,church,social,eye,here,challenge,serve,town,reach,blue,he,stay,others,interesting,table,sister,western,impact,up,night
cup,number,central,contain,while,class,run,quickly,fail,skin,seem,data,know,individual,age,attorney,you,modern,party,at,popular,century,dream,popular,she,whose
new,debate,money,ask,main,house,rest,describe,above,his,again,gun,nature,small,born,eye,remove,first,court,economic,line
research,officer,political,certainly,need,affect,employee,sit,store,beautiful,quality,form
occur,structure,group,build,food,sense,worry,expect,many,despite,policy,style,agreement,partner,work,no,anything,best,skin,life,model,turn,best,around,take,conference,deal,possible
next,be,recently,prove,many,hang,wrong,price,not,price,everyone,call,again,play,cut,still,executive,month,human,until,partner,only,service,decision,central,southern
it,worker,employee,stock,them,stock,question,affect,institution,look,real,cut,sign,discuss,wind,mission
small,contain,operation,computer,safe,way,order,forward,little,employee,fly,task,wide,leave,agency,bar,my,suggest,especially,write
I,later,by,form,area,too,add,purpose,that,resource,political,prevent,wind,indeed,weapon,night,name,wait,tell,early,article,drug,sister,friend
policy,development,look,he,attention,speak,perform,face,legal,bill,something,short,at,participant,cancer,politics,exactly,deep,put,conference,seven,his,institution,color,world,house,future
concern,support,really,respond,throughout,physical,sort,media,impact,run,vote,different,truth,itself,southern,inside,she
your,day,team,authority,against,fire,modern,executive,land,read,what,case,marriage,past,value,might,bag,edge
hand,down,mother,private,condition,author,theory,write,these,determine,where,leave,red,describe,theory,matter,medical,such,generation,gas,guess
street,issue,friend,price,official,safe,account,allow,reality,throw,imagine,oh,deep,tell,return,up,nearly,travel,ball,charge,start,no,clear,executive,problem
fill,responsibility,describe,else,wall,own,either,apply,number,oil,kitchen,trade,decade,family,dog
turn,decide,oh,past,seven,lead,true,learn,along,there,million,since,clear,may,full,talk,behavior,south,series
miss,woman,century,community,movie,die,resource,continue,off,piece,not,own,way,upon,with,media,business,drug,history,responsibility,just,easy,above,threat,parent,up,bit,come
hold,must,walk,black,control,east,level,often,reason,but,significant,inside,yard
or,analysis,something,standard,period,wife,word,management,keep,land,can,boy,know,democratic,just,stand,address,throw,reach,admit,plan,full,ok
lie,business,person,side,among,water,stop,this,maybe,happen,budget,indicate,price,everything,pull,wait,any,debate,figure,right,seven
similar,center,their,world,long,himself,cost,feeling,expert,factor,per,vote,music,everyone,career,realize,place
discover,paper,rest,yes,local,society,teacher,condition,young,president,write,no,leg,everyone,create,agent,success
wish,process,book,think,almost,start,suddenly,soon,allow,term,under,person,ability,short,success,your,high,yes,guy,she
reason,crime,machine,attention,college,mother,case,sit,matter,must,Republican,hot,only,husband,difference,doctor,machine
quality,disease,lie,hear,wind,wife,establish,work,manage,decide,yeah,owner,break,area,section,up,computer,employee,recognize,wear,focus,hard,sex
executive,under,player,wind,bill,forward,hotel,final,after,ready,fill,meeting,choose,day,within,class,local,win,conference,painting,become,between,but,fact,die,machine,group,painting
TV,event,page,use,suggest,least,during,building,participant,car,process,cup,there,drop,ago,claim,other,window,list,computer,current,act,way,each,down,consumer,spend,instead,doctor
between,responsibility,company,site,a,stand,approach,whom,marriage,especially
poor,here,against,purpose,attorney,stand,his,note,far,try,him,paper,out,disease,win,left,evidence,crime,case
accept,time,that,fill,body,mean,season,firm,something,score,measure,realize,cup,material,include,size,himself,both,just,theory,serious,anyone,trouble
never,art,ok,create,hear,team,national,game,dead,understand,project,section,strategy,hundred,these,career,best,director,now,quite,mother,best
today,first,us,reach,away,nearly,onto,need,build,among,finish,election,daughter,shoulder,production,series,local,bank,whole,particularly,forget,theory,reflect,rock,any,possible,plant,whose,clear
why,evening,official,firm,themselves,exist,throw,whatever,modern,change,century,myself,lose,what,design,first,walk,almost,get,sister,cause,body,than,ball,wonder,care,anyone,victim,ready
expert,page,come,cut,ago,push,talk,street,both,same,violence,teach,parent,our,wait,meet,fight,million,condition,partner,decision,reality,deep,set,since,dark,unit,them
give,popular,paper,American,low,here,firm,pretty,back,admit,force,bit,foreign,beautiful,much,create,major,other,n't,state,reason,down
strong,grow,weight,player,national,process,lot,and,recent,edge,dream,above,president,in,prevent,his,white,give,month,least,major,bit,child,character,get,own,item
quickly,information,manage,campaign,foreign,sea,between,that,serve,already,what,agreement,lot,recently,everybody,change,them,the,hold,court,would,anyone,customer,knowledge
night,find,character,yes,bag,change,raise,feel,number,go,model,support,market,company,threat,reflect,later,sea,care
force,stage,Republican,everyone,current,recognize,next,seek,year,be,hang,stay,mouth,deal,finger,feel,design,paper,exist,blue,democratic,upon,service,past
meeting,shot,entire,value,Mrs,former,still,three,choice,scene
I,sex,fly,hope,heart,low,event,love,performance,true,but,lead,radio,center
manager,sound,blue,letter,forward,anything,argue,building,occur,himself,fish,word,issue,continue,painting,environment,property,democratic,certainly
board,until,court,third,series,him,tree,material,assume,hang,nearly,come,enough,international,knowledge,goal,woman
month,science,from,hit,performance,scientist,issue,expect,realize,every,try,second,themselves
least,deep,song,leg,bad,financial,room,democratic,culture,beat,instead,modern,finally
available,require,believe,evening,argue,catch,phone,program,industry,old,Mrs,evening,office,language,different,person,cancer,to,all,of,star,other,rest
despite,system,drive,their,theory,occur,they,cup,than,offer,to,maybe,law,deal,authority,would,home,soon
record,nearly,generation,property,leg,ball,bag,view,size,box,particular,baby,test,worker,plan,garden,push,stuff,yeah,method,budget,you,project,defense,avoid,career,project,hit
more,save,professional,decide,necessary,ok,she,next,compare,die,career,song,must,field,paper,image,know,may,student,fact,station,no,they,against,peace,natural,attorney,build,require
analysis,sister,subject,material,capital,pay,only,deep,sit,remain,teach,customer,expect
community,bank,question,our,although,turn,life,then,say,house,cost
or,before,time,stock,likely,bag,style,mother,clear,gas,pain,general,where,ask
receive,since,lawyer,type,popular,station,husband,leader,minute,cultural,reduce,arm,return,until,southern,member,every,measure,enter
learn,thousand,stay,matter,wish,sure,when,allow,reason,somebody,adult,inside
want,value,church,voice,they,fly,check,itself,forward,hit,grow,arrive,per,send,appear,how,perform,relate,matter,serious,change
house,feeling,make,outside,always,drive,kid,sexual,assume,entire,number
today,follow,material,particularly,debate,program,space,attorney,activity,discover,dream,different,around,serve,early,market
company,third,husband,itself,daughter,along,else,group,their,which,down,five,room,free,alone,notice,series
protect,education,end,minute,lose,make,nature,line,rest,heart
laugh,particularly,lead,miss,campaign,fall,college,personal,begin,law,design,lose,candidate,subject,weight,medical,oil,wide,push,none,such,institution,mind,investment,cell,social,true,fail,campaign
local,and,period,event,he,less,race,chance,maybe,staff,simply,defense,open,sound,page,race,threat,various,total,myself,professor,teach
kid,wind,others,certain,across,to,individual,city,significant,doctor,field,knowledge,beautiful,lawyer,save,news,leave,lead,hold,her,half,skin,police
hard,out,country,light,prepare,game,strong,any,personal,travel,pay,air,both,affect,town,mean,enter,drug,soldier,analysis,citizen,picture,subject
example,voice,rich,within,able,traditional,poor,wish,name,chance,left,apply,attorney,price,available,crime,play,book,relate,believe,wind,door,whether,newspaper
exactly,you,hour,professional,leader,site,bed,control,name,argue,final,item,green,accept,have
interesting,current,phone,physical,past,already,public,unit,Mrs,effort,member,someone,affect,live,kid,safe,line,performance,this,up
